[{"model": "cursos.course", "pk": 1, "fields": {"title": "C\u00f3mo fabricar cemento", "description": "asdasdasda", "slug": "como-fabricar-cemento", "image": ""}}, {"model": "cursos.course", "pk": 2, "fields": {"title": "Curso de Django", "description": "blablabla", "slug": "curso-de-django", "image": "course_thumbnails/Captura_de_pantalla_2018-08-27_a_las_23.04.37.png"}}, {"model": "cursos.video", "pk": 1, "fields": {"course": 1, "title": "Preparativos", "order": 1, "vimeo_id": 59777392, "max_retries": 0, "duration": 61, "document": "video_documents/Captura_de_pantalla_2018-08-21_a_las_11.01.38.png", "thumb_path": "https://i.vimeocdn.com/video/415623090_100x75.jpg?r=pad"}}, {"model": "cursos.video", "pk": 2, "fields": {"course": 1, "title": "C\u00f3mo tirar basura", "order": 2, "vimeo_id": 168681270, "max_retries": 0, "duration": 26, "document": "", "thumb_path": "https://i.vimeocdn.com/video/573223476_295x166.jpg?r=pad"}}, {"model": "cursos.video", "pk": 3, "fields": {"course": 1, "title": "Poner el cemento", "order": 3, "vimeo_id": 277210957, "max_retries": 4, "duration": 108, "document": "", "thumb_path": "https://i.vimeocdn.com/video/709922877_295x166.jpg?r=pad"}}, {"model": "cursos.question", "pk": 1, "fields": {"video": 1, "text": "\u00bfQu\u00e9 elementos de seguridad hacen falta?", "image": "", "has_only_one_correct_answer": true, "show_correct_options": 1, "show_incorrect_options": 4}}, {"model": "cursos.question", "pk": 2, "fields": {"video": 1, "text": "\u00bfQu\u00e9 ingrediente va primero?", "image": "", "has_only_one_correct_answer": true, "show_correct_options": 1, "show_incorrect_options": 4}}, {"model": "cursos.question", "pk": 3, "fields": {"video": 1, "text": "\u00bfCu\u00e1ntas cucharadas de arena van en la mezcla?", "image": "", "has_only_one_correct_answer": true, "show_correct_options": 1, "show_incorrect_options": 4}}, {"model": "cursos.question", "pk": 4, "fields": {"video": 1, "text": "Pregunta random!", "image": "", "has_only_one_correct_answer": true, "show_correct_options": 1, "show_incorrect_options": 4}}, {"model": "cursos.question", "pk": 5, "fields": {"video": 2, "text": "\u00bfCu\u00e1nto es 2 m\u00e1s 2?", "image": "question_images/google-earth-view-6473.jpg", "has_only_one_correct_answer": true, "show_correct_options": 1, "show_incorrect_options": 4}}, {"model": "cursos.question", "pk": 6, "fields": {"video": 2, "text": "\u00bfC\u00f3mo se llama la hija m\u00e1s chica de los Simpson?", "image": "question_images/Maggie_Simpson.png", "has_only_one_correct_answer": true, "show_correct_options": 1, "show_incorrect_options": 4}}, {"model": "cursos.question", "pk": 7, "fields": {"video": 2, "text": "\u00bfCu\u00e1l es la f\u00f3rmula del agua?", "image": "", "has_only_one_correct_answer": true, "show_correct_options": 1, "show_incorrect_options": 5}}, {"model": "cursos.question", "pk": 8, "fields": {"video": 3, "text": "\u00bfCu\u00e1nto vale un dolar?", "image": "", "has_only_one_correct_answer": true, "show_correct_options": 1, "show_incorrect_options": 4}}, {"model": "cursos.question", "pk": 9, "fields": {"video": 3, "text": "\u00bfPor qu\u00e9 Sibarita es tan rica?", "image": "", "has_only_one_correct_answer": true, "show_correct_options": 1, "show_incorrect_options": 3}}, {"model": "cursos.question", "pk": 10, "fields": {"video": 3, "text": "\u00bfQued\u00f3 bien la app?", "image": "", "has_only_one_correct_answer": true, "show_correct_options": 1, "show_incorrect_options": 4}}, {"model": "cursos.option", "pk": 1, "fields": {"question": 1, "text": "Casco", "is_correct": false}}, {"model": "cursos.option", "pk": 2, "fields": {"question": 1, "text": "Guantes", "is_correct": true}}, {"model": "cursos.option", "pk": 3, "fields": {"question": 1, "text": "Radio y auriculares", "is_correct": false}}, {"model": "cursos.option", "pk": 4, "fields": {"question": 1, "text": "Zapatos de seguridad", "is_correct": false}}, {"model": "cursos.option", "pk": 5, "fields": {"question": 1, "text": "Tenedor y cuchillo", "is_correct": false}}, {"model": "cursos.option", "pk": 6, "fields": {"question": 1, "text": "Vino tinto", "is_correct": false}}, {"model": "cursos.option", "pk": 7, "fields": {"question": 1, "text": "Un sanguchito", "is_correct": false}}, {"model": "cursos.option", "pk": 8, "fields": {"question": 1, "text": "L\u00e1piz y papel", "is_correct": false}}, {"model": "cursos.option", "pk": 9, "fields": {"question": 2, "text": "Arena", "is_correct": false}}, {"model": "cursos.option", "pk": 10, "fields": {"question": 2, "text": "Piedritas", "is_correct": true}}, {"model": "cursos.option", "pk": 11, "fields": {"question": 2, "text": "Agua", "is_correct": false}}, {"model": "cursos.option", "pk": 12, "fields": {"question": 2, "text": "Polvito", "is_correct": false}}, {"model": "cursos.option", "pk": 13, "fields": {"question": 2, "text": "Cal", "is_correct": false}}, {"model": "cursos.option", "pk": 14, "fields": {"question": 2, "text": "Pintura", "is_correct": false}}, {"model": "cursos.option", "pk": 15, "fields": {"question": 2, "text": "Harina", "is_correct": false}}, {"model": "cursos.option", "pk": 16, "fields": {"question": 3, "text": "2", "is_correct": false}}, {"model": "cursos.option", "pk": 17, "fields": {"question": 3, "text": "3", "is_correct": true}}, {"model": "cursos.option", "pk": 18, "fields": {"question": 3, "text": "5", "is_correct": false}}, {"model": "cursos.option", "pk": 19, "fields": {"question": 3, "text": "7", "is_correct": false}}, {"model": "cursos.option", "pk": 20, "fields": {"question": 3, "text": "1", "is_correct": false}}, {"model": "cursos.option", "pk": 21, "fields": {"question": 3, "text": "8", "is_correct": false}}, {"model": "cursos.option", "pk": 22, "fields": {"question": 4, "text": "Correcta", "is_correct": true}}, {"model": "cursos.option", "pk": 23, "fields": {"question": 4, "text": "Incorrecta", "is_correct": false}}, {"model": "cursos.option", "pk": 24, "fields": {"question": 4, "text": "Incorrecta 2", "is_correct": false}}, {"model": "cursos.option", "pk": 25, "fields": {"question": 4, "text": "Incorrecta 3", "is_correct": false}}, {"model": "cursos.option", "pk": 26, "fields": {"question": 4, "text": "Incorrecta 1", "is_correct": false}}, {"model": "cursos.option", "pk": 27, "fields": {"question": 4, "text": "Incorrecta 4", "is_correct": false}}, {"model": "cursos.option", "pk": 28, "fields": {"question": 4, "text": "Incorrecta 5", "is_correct": false}}, {"model": "cursos.option", "pk": 29, "fields": {"question": 4, "text": "Incorrecta 6", "is_correct": false}}, {"model": "cursos.option", "pk": 30, "fields": {"question": 4, "text": "Incorrecta 7", "is_correct": false}}, {"model": "cursos.option", "pk": 31, "fields": {"question": 5, "text": "4", "is_correct": true}}, {"model": "cursos.option", "pk": 32, "fields": {"question": 5, "text": "1", "is_correct": false}}, {"model": "cursos.option", "pk": 33, "fields": {"question": 5, "text": "2", "is_correct": false}}, {"model": "cursos.option", "pk": 34, "fields": {"question": 5, "text": "3", "is_correct": false}}, {"model": "cursos.option", "pk": 35, "fields": {"question": 5, "text": "5", "is_correct": false}}, {"model": "cursos.option", "pk": 36, "fields": {"question": 5, "text": "6", "is_correct": false}}, {"model": "cursos.option", "pk": 37, "fields": {"question": 5, "text": "7", "is_correct": false}}, {"model": "cursos.option", "pk": 38, "fields": {"question": 6, "text": "Maggie", "is_correct": true}}, {"model": "cursos.option", "pk": 39, "fields": {"question": 6, "text": "Lisa", "is_correct": false}}, {"model": "cursos.option", "pk": 40, "fields": {"question": 6, "text": "Bart", "is_correct": false}}, {"model": "cursos.option", "pk": 41, "fields": {"question": 6, "text": "Marge", "is_correct": false}}, {"model": "cursos.option", "pk": 42, "fields": {"question": 6, "text": "Edna", "is_correct": false}}, {"model": "cursos.option", "pk": 43, "fields": {"question": 6, "text": "Patty", "is_correct": false}}, {"model": "cursos.option", "pk": 44, "fields": {"question": 6, "text": "Selma", "is_correct": false}}, {"model": "cursos.option", "pk": 45, "fields": {"question": 7, "text": "H2O", "is_correct": true}}, {"model": "cursos.option", "pk": 46, "fields": {"question": 7, "text": "CO2", "is_correct": false}}, {"model": "cursos.option", "pk": 47, "fields": {"question": 7, "text": "NH3", "is_correct": false}}, {"model": "cursos.option", "pk": 48, "fields": {"question": 7, "text": "H2O2", "is_correct": false}}, {"model": "cursos.option", "pk": 49, "fields": {"question": 7, "text": "CH4", "is_correct": false}}, {"model": "cursos.option", "pk": 50, "fields": {"question": 7, "text": "OH", "is_correct": false}}, {"model": "cursos.option", "pk": 51, "fields": {"question": 7, "text": "Blabla", "is_correct": false}}, {"model": "cursos.option", "pk": 52, "fields": {"question": 8, "text": "30 pesos", "is_correct": false}}, {"model": "cursos.option", "pk": 53, "fields": {"question": 8, "text": "31 pesos", "is_correct": false}}, {"model": "cursos.option", "pk": 54, "fields": {"question": 8, "text": "Nada, no vale nada", "is_correct": false}}, {"model": "cursos.option", "pk": 55, "fields": {"question": 8, "text": "Infinito", "is_correct": false}}, {"model": "cursos.option", "pk": 56, "fields": {"question": 8, "text": "Imposible saber", "is_correct": true}}, {"model": "cursos.option", "pk": 57, "fields": {"question": 9, "text": "Si te dijera, tendr\u00eda que matarte", "is_correct": true}}, {"model": "cursos.option", "pk": 58, "fields": {"question": 9, "text": "No te voy a decir", "is_correct": false}}, {"model": "cursos.option", "pk": 59, "fields": {"question": 9, "text": "No es rica!", "is_correct": false}}, {"model": "cursos.option", "pk": 60, "fields": {"question": 9, "text": "Porque le ponen cosas raras", "is_correct": false}}, {"model": "cursos.option", "pk": 61, "fields": {"question": 9, "text": "Porque es noble", "is_correct": false}}, {"model": "cursos.option", "pk": 62, "fields": {"question": 10, "text": "S\u00ed", "is_correct": true}}, {"model": "cursos.option", "pk": 63, "fields": {"question": 10, "text": "S\u00ed.. digo, no.", "is_correct": false}}, {"model": "cursos.option", "pk": 64, "fields": {"question": 10, "text": "Ponele....", "is_correct": false}}, {"model": "cursos.option", "pk": 65, "fields": {"question": 10, "text": "Digamos que s\u00ed.", "is_correct": false}}]