[{"model": "cursos.course", "pk": 1, "fields": {"title": "CURSO 1", "description": "En este semento podras conocer m\u00e1s sobre nuestro CODIGO DE CONDUCTA EMPRESARIAL.", "slug": "curso-1", "image": "course_thumbnails/C1_Portada_Curso.png"}}, {"model": "cursos.course", "pk": 2, "fields": {"title": "CURSO 2", "description": "Descripci\u00f3n del curso 2", "slug": "curso-2", "image": "course_thumbnails/C2_Portada_Curso.png"}}, {"model": "cursos.course", "pk": 3, "fields": {"title": "CURSO 3", "description": "Descripci\u00f3n del curso.", "slug": "curso-3", "image": "course_thumbnails/C3_Portada_Curso.png"}}, {"model": "cursos.video", "pk": 1, "fields": {"course": 1, "title": "Segmento 1", "order": 1, "vimeo_id": 288482294, "max_retries": 0, "duration": 198, "document": "video_documents/Codigo_de_Conducta_Grupo_LN_2018.pdf", "thumb_path": "https://i.vimeocdn.com/video/723909158_100x75.jpg?r=pad", "min_correct_questions": 0}}, {"model": "cursos.video", "pk": 2, "fields": {"course": 1, "title": "Segmento 2", "order": 2, "vimeo_id": 288601264, "max_retries": 0, "duration": 16, "document": "video_documents/Relaci\u00f3n_con_la_Competencia_-_Norma_Antitrust.pdf", "thumb_path": "https://i.vimeocdn.com/video/724055848_100x75.jpg?r=pad", "min_correct_questions": 0}}, {"model": "cursos.video", "pk": 3, "fields": {"course": 1, "title": "Segmento 3", "order": 3, "vimeo_id": 288484830, "max_retries": 0, "duration": 140, "document": "video_documents/Anticorrupci\u00f3n_-_Norma__Anticorrupcion.pdf", "thumb_path": "https://i.vimeocdn.com/video/723912381_100x75.jpg?r=pad", "min_correct_questions": 0}}, {"model": "cursos.video", "pk": 4, "fields": {"course": 1, "title": "Segmento 4", "order": 4, "vimeo_id": 288485042, "max_retries": 0, "duration": 124, "document": "video_documents/Loma_Negra-_Disclosure_Policy_-_ES_-_Versi\u00f3n_Final_DIVULGACI\u00d3N_DE_INFORM_zhf46GG.pdf", "thumb_path": "https://i.vimeocdn.com/video/723912506_100x75.jpg?r=pad", "min_correct_questions": 0}}, {"model": "cursos.video", "pk": 5, "fields": {"course": 1, "title": "Segmento 5", "order": 5, "vimeo_id": 288479420, "max_retries": 0, "duration": 21, "document": "video_documents/Insider_Trading_Policy_-_ES_-_Nueva_versi\u00f3n_junio_2018.pdf", "thumb_path": "https://i.vimeocdn.com/video/723905047_100x75.jpg?r=pad", "min_correct_questions": 0}}, {"model": "cursos.video", "pk": 6, "fields": {"course": 1, "title": "Segmento 6", "order": 6, "vimeo_id": 288479420, "max_retries": 0, "duration": 21, "document": "video_documents/Pol\u00edtica_para_participacion_en_concursos_y_procesos_licitatorios_p\u00fablicos.pdf", "thumb_path": "https://i.vimeocdn.com/video/723905047_100x75.jpg?r=pad", "min_correct_questions": 0}}, {"model": "cursos.video", "pk": 7, "fields": {"course": 1, "title": "Segmento 7", "order": 7, "vimeo_id": 288479420, "max_retries": 0, "duration": 21, "document": "", "thumb_path": "https://i.vimeocdn.com/video/723905047_100x75.jpg?r=pad", "min_correct_questions": 0}}, {"model": "cursos.video", "pk": 8, "fields": {"course": 1, "title": "Segmento 8", "order": 8, "vimeo_id": 288602689, "max_retries": 0, "duration": 60, "document": "", "thumb_path": "https://i.vimeocdn.com/video/724057780_100x75.jpg?r=pad", "min_correct_questions": 0}}, {"model": "cursos.video", "pk": 9, "fields": {"course": 1, "title": "Segmento 9", "order": 9, "vimeo_id": 288479420, "max_retries": 0, "duration": 21, "document": "", "thumb_path": "https://i.vimeocdn.com/video/723905047_100x75.jpg?r=pad", "min_correct_questions": 0}}, {"model": "cursos.video", "pk": 10, "fields": {"course": 1, "title": "Segmento 10", "order": 10, "vimeo_id": 288479420, "max_retries": 0, "duration": 21, "document": "", "thumb_path": "https://i.vimeocdn.com/video/723905047_100x75.jpg?r=pad", "min_correct_questions": 0}}, {"model": "cursos.video", "pk": 11, "fields": {"course": 1, "title": "Segmento 11", "order": 11, "vimeo_id": 288479420, "max_retries": 0, "duration": 21, "document": "", "thumb_path": "https://i.vimeocdn.com/video/723905047_100x75.jpg?r=pad", "min_correct_questions": 0}}, {"model": "cursos.video", "pk": 12, "fields": {"course": 1, "title": "Segmento 12", "order": 12, "vimeo_id": 288482595, "max_retries": 0, "duration": 40, "document": "", "thumb_path": "https://i.vimeocdn.com/video/723909335_100x75.jpg?r=pad", "min_correct_questions": 0}}, {"model": "cursos.video", "pk": 13, "fields": {"course": 1, "title": "Segmento 13", "order": 13, "vimeo_id": 288482646, "max_retries": 0, "duration": 136, "document": "", "thumb_path": "https://i.vimeocdn.com/video/723909548_100x75.jpg?r=pad", "min_correct_questions": 0}}, {"model": "cursos.video", "pk": 14, "fields": {"course": 1, "title": "Segmento 14", "order": 14, "vimeo_id": 288479420, "max_retries": 0, "duration": 21, "document": "", "thumb_path": "https://i.vimeocdn.com/video/723905047_100x75.jpg?r=pad", "min_correct_questions": 0}}, {"model": "cursos.video", "pk": 15, "fields": {"course": 1, "title": "Segmento 15", "order": 15, "vimeo_id": 288482793, "max_retries": 0, "duration": 68, "document": "", "thumb_path": "https://i.vimeocdn.com/video/723909616_100x75.jpg?r=pad", "min_correct_questions": 0}}, {"model": "cursos.video", "pk": 16, "fields": {"course": 1, "title": "Segmento 16", "order": 16, "vimeo_id": 288482854, "max_retries": 0, "duration": 102, "document": "", "thumb_path": "https://i.vimeocdn.com/video/723909834_100x75.jpg?r=pad", "min_correct_questions": 0}}, {"model": "cursos.video", "pk": 17, "fields": {"course": 1, "title": "Segmento 17", "order": 17, "vimeo_id": 288483008, "max_retries": 0, "duration": 63, "document": "", "thumb_path": "https://i.vimeocdn.com/video/723909931_100x75.jpg?r=pad", "min_correct_questions": 0}}, {"model": "cursos.video", "pk": 18, "fields": {"course": 1, "title": "Segmento 18", "order": 18, "vimeo_id": 288483101, "max_retries": 0, "duration": 26, "document": "", "thumb_path": "https://i.vimeocdn.com/video/723909957_100x75.jpg?r=pad", "min_correct_questions": 0}}, {"model": "cursos.video", "pk": 19, "fields": {"course": 1, "title": "Segmento 19", "order": 19, "vimeo_id": 288483124, "max_retries": 0, "duration": 20, "document": "", "thumb_path": "https://i.vimeocdn.com/video/723909993_100x75.jpg?r=pad", "min_correct_questions": 0}}, {"model": "cursos.video", "pk": 20, "fields": {"course": 2, "title": "Segmento 1", "order": 1, "vimeo_id": 288479420, "max_retries": 0, "duration": 21, "document": "", "thumb_path": "https://i.vimeocdn.com/video/723905047_100x75.jpg?r=pad", "min_correct_questions": 0}}, {"model": "cursos.video", "pk": 21, "fields": {"course": 3, "title": "Segmento 1", "order": 1, "vimeo_id": 288479420, "max_retries": 0, "duration": 21, "document": "", "thumb_path": "https://i.vimeocdn.com/video/723905047_100x75.jpg?r=pad", "min_correct_questions": 0}}, {"model": "cursos.question", "pk": 1, "fields": {"video": 5, "text": "LAS SIGUIENTES LEYES SON LAS UNICAS QUE DEBE CUMPLIR EL GRUPO LOMA NEGRA, A SABER: (I)FCPA, (II) LEY N\u00b0 12.846 Y (III) LEY 27.401.", "image": "", "has_only_one_correct_answer": true, "show_correct_options": 1, "show_incorrect_options": 1, "text_after_correct_answer": "CORRECTO! EL GRUPO LOMA NEGRA DEBE CUMPLIR OTRAS NORMAS APARTE DE LAS MENCIONADAS Y QUE SE VINCULAN A CUESTIONES AMBIENTALES, ADMINISTRATIVAS, COMERCIALES, REGULATORIAS, ETC.", "text_after_incorrect_answer": "INCORRECTO! EL GRUPO LOMA NEGRA DEBE CUMPLIR OTRAS NORMAS APARTE DE LAS MENCIONADAS Y QUE SE VINCULAN A CUESTIONES AMBIENTALES, ADMINISTRATIVAS, COMERCIALES, REGULATORIAS, ETC."}}, {"model": "cursos.question", "pk": 2, "fields": {"video": 5, "text": "LA FOREIGN CORRUPT PRACTICES ACT SOLO BUSCA OBTENER QUE LAS EMPRESAS CUENTEN CON UN ADECUADO MANTENIMIENTO DE LIBROS Y REGISTROS DE LAS OPERACIONES DE LA EMPRESA.", "image": "", "has_only_one_correct_answer": true, "show_correct_options": 1, "show_incorrect_options": 1, "text_after_correct_answer": "CORRECTO! LA FOREIGN CORRUPT PRACTICES ACT TAMBIEN PROHIBE, ENTRE OTRAS CUESTIONES, EL SOBORNO A FUNCIONARIOS EXTRANJEROS PARA OBTENER Y/O RETENER NEGOCIOS.", "text_after_incorrect_answer": "INCORRECTO! LA FOREIGN CORRUPT PRACTICES ACT TAMBIEN PROHIBE, ENTRE OTRAS CUESTIONES, EL SOBORNO A FUNCIONARIOS EXTRANJEROS PARA OBTENER Y/O RETENER NEGOCIOS."}}, {"model": "cursos.question", "pk": 3, "fields": {"video": 6, "text": "LA LEY DE RESPONSABILIDAD PENAL DE LAS PERSONAS JURIDICAS SE ENCUENTRA VIGENTE EN ARGENTINA, ESTABLECE MULTAS PARA LAS EMPRESAS QUE COMETAN ALGUNO DE LOS DELITOS ALL\u00cd PREVISTOS E INCENTIVA LA IMPLEMENTACI\u00d3N DE UN PROGRAMA DE INTEGRIDAD", "image": "", "has_only_one_correct_answer": true, "show_correct_options": 1, "show_incorrect_options": 1, "text_after_correct_answer": "CORRECTO! LA EXISTENCIA DE UN PROGRAMA DE INTEGRIDAD PERMITIR\u00c1 A LAS COMPA\u00d1\u00cdAS EVITAR MULTAS Y CONTAR CON UNA BUENA REPUTACI\u00d3N. COMO EXPLICAMOS ANTES, EL PROGRAMA DE INTEGRIDAD CONSISTE EN EL CONJUNTO DE ACCIONES, MECANISMOS Y PROCEDIMIENTOS INTERNOS DE PROMOCI\u00d3N DE LA INTEGRIDAD, SUPERVISI\u00d3N Y CONTROL, ORIENTADOS A PREVENIR, DETECTAR Y CORREGIR IRREGULARIDADES Y ACTOS IL\u00cdCITOS.", "text_after_incorrect_answer": "INCORRECTO! LA EXISTENCIA DE UN PROGRAMA DE INTEGRIDAD PERMITIR\u00c1 A LAS COMPA\u00d1\u00cdAS EVITAR MULTAS Y CONTAR CON UNA BUENA REPUTACI\u00d3N. COMO EXPLICAMOS ANTES, EL PROGRAMA DE INTEGRIDAD CONSISTE EN EL CONJUNTO DE ACCIONES, MECANISMOS Y PROCEDIMIENTOS INTERNOS DE PROMOCI\u00d3N DE LA INTEGRIDAD, SUPERVISI\u00d3N Y CONTROL, ORIENTADOS A PREVENIR, DETECTAR Y CORREGIR IRREGULARIDADES Y ACTOS IL\u00cdCITOS."}}, {"model": "cursos.question", "pk": 4, "fields": {"video": 11, "text": "USTED HA ESTADO TRABAJANDO JUNTO A SU SUPERIOR EN LA CONTRATACI\u00d3N DE UN PROVEEDOR POR 2 MILLONES DE PESOS.\r\nEN LA ETAPA FINAL DEL PROYECTO, USTED DESCUBRE, DE MANERA ACCIDENTAL, QUE SU SUPERIOR LE HA ESTADO ENVIANDO INFORMACI\u00d3N A UNO DE LOS PROVEEDORES, LO QUE LE PERMITIR\u00c1 RESULTAR ADJUDICADO. \r\nDE ESTA MANERA, LOMA NEGRA RECIBIR\u00c1 SERVICIOS DE MENOR CALIDAD QUE SI LA COMPULSA HUBIESE SIDO TRANSPARENTE Y PAGAR\u00c1 UN PRECIO MAYOR AL QUE DEBER\u00cdA.\r\nSU SUPERIOR SE DA CUENTA QUE USTED EST\u00c1 ENTERADO Y LE PIDE QUE NO COMENTE NADA PORQUE SINO LO DESPEDIR\u00c1.\r\n\u00bfUTILIZAR\u00cdA UD. EL CANAL DE \u00c9TICA PARA COMUNICAR LA SITUACI\u00d3N?", "image": "", "has_only_one_correct_answer": true, "show_correct_options": 1, "show_incorrect_options": 1, "text_after_correct_answer": "CORRECTO! LA LINEA DE ETICA ESTA PREVISTA PARA REPORTAR CASOS COMO EL PRESENTADO, EN TANTO LA CONDUCTA DEL SUPERVISOR CLARAMENTE INCUMPLE DIVERSAS POLITICAS DE LA COMPA\u00d1\u00cdA Y SU CONDUCTA DA\u00d1A LA REPUTACI\u00d3N Y VALORES DEL GRUPO LOMA NEGRA.", "text_after_incorrect_answer": "INCORRECTO! LA LINEA DE ETICA ESTA PREVISTA PARA REPORTAR CASOS COMO EL PRESENTADO, EN TANTO LA CONDUCTA DEL SUPERVISOR CLARAMENTE INCUMPLE DIVERSAS POLITICAS DE LA COMPA\u00d1\u00cdA Y SU CONDUCTA DA\u00d1A LA REPUTACI\u00d3N Y VALORES DEL GRUPO LOMA NEGRA."}}, {"model": "cursos.question", "pk": 5, "fields": {"video": 11, "text": "EN UNA CHARLA DE CAF\u00c9 CON UN COMPA\u00d1ERO DE TRABAJO USTED SE ENTERA QUE EN OTROS SECTORES DE LA ORGANIZACI\u00d3N HAN OCURRIDO AUMENTOS DE SALARIOS QUE EN SU SECTOR NO HAN SUCEDIDO.\r\nLA SITUACI\u00d3N LE GENERA MALESTAR.\r\nTAL ES AS\u00cd QUE USTED PLANEA INFORMAR EL HECHO EN LA P\u00c1GINA WEB DE LA L\u00cdNEA DE DENUNCIAS.\r\n\u00bfUTILIZAR\u00cdA UD. EL CANAL DE \u00c9TICA PARA COMUNICAR LA SITUACI\u00d3N?", "image": "", "has_only_one_correct_answer": true, "show_correct_options": 1, "show_incorrect_options": 1, "text_after_correct_answer": "CORRECTO! LA LINEA DE ETICA ESTA PREVISTA PARA REPORTAR OTRO TIPO DE CASOS COMO SER FRAUDE, CORRUPCI\u00d3N, ETC. EN CASOS COMO EL PRESENTE, DEBES RECURRIR INICIALMENTE A TU JEFE Y/O AL AREA DE RECURSOS HUMANOS PARA PLANTEAR TUS INQUIETUDES.", "text_after_incorrect_answer": "INCORRECTO! LA LINEA DE ETICA ESTA PREVISTA PARA REPORTAR OTRO TIPO DE CASOS COMO SER FRAUDE, CORRUPCI\u00d3N, ETC. EN CASOS COMO EL PRESENTE, DEBES RECURRIR INICIALMENTE A TU JEFE Y/O AL AREA DE RECURSOS HUMANOS PARA PLANTEAR TUS INQUIETUDES."}}, {"model": "cursos.question", "pk": 6, "fields": {"video": 14, "text": "UD. INGRESA A TRABAJAR EN GRUPO LOMA NEGRA COMO ANALISTA DE COMPRAS  Y ENTRE SUS FUNCIONES, SU SUPERIOR LE ASIGNA CERTIFICAR LOS TRABAJOS QUE REALIZA LA EMPRESA PROVEEDORA QUE BRINDA EL SERVICIO DE TAXIS Y REMISES. \r\nLUEGO DE UNAS SEMANAS, SE COMUNICAN DE LA MENCIONADA EMPRESA Y ENCUENTRA DEL OTRO LADO DEL TEL\u00c9FONO A UN T\u00cdO CON QUIEN NO HABLABA HACE A\u00d1OS. \r\nSU TIO LE COMENTA QUE ES SU PRIMERA SEMANA EN LA FIRMA Y QUE LE ENCOMENDARON LA CUENTA DEL GRUPO LOMA NEGRA PARA GESTIONAR LA CERTIFICACI\u00d3N Y EL PAGO DE LAS FACTURAS POR LOS TRABAJOS REALIZADOS.", "image": "", "has_only_one_correct_answer": true, "show_correct_options": 1, "show_incorrect_options": 2, "text_after_correct_answer": "CORRECTO! EL CODIGO ESTABLECE QUE EN ESTE TIPO DE SITUACIONES UD. DEBE DAR INMEDIATO AVISO A SU DIRECTOR PARA QUE PUEDA CANALIZAR EL TEMA CON EL COMIT\u00c9 DE \u00c9TICA Y CUMPLIMIENTO.", "text_after_incorrect_answer": "INCORRECTO! EL CODIGO ESTABLECE QUE ANTE ESTE TIPO DE SITUACIONES UD. DEBE DAR INMEDIATO AVISO A SU DIRECTOR PARA QUE PUEDA CANALIZAR EL TEMA CON EL COMIT\u00c9 DE \u00c9TICA Y CUMPLIMIENTO."}}, {"model": "cursos.question", "pk": 7, "fields": {"video": 14, "text": "USTED ASISTE A UNA PRESENTACI\u00d3N ORGANIZADA POR UN PROVEEDOR PARA REPRESENTAR A LA COMPA\u00d1\u00cdA EN VARIAS MESAS DE GRAN INTER\u00c9S RESPECTO DE LAS TENDENCIAS EMERGENTES EN LA INDUSTRIA DE LA CONSTRUCCI\u00d3N. \r\nDURANTE LA CENA, EL ORGANIZADOR ANUNCIA QUE SE RIFAR\u00c1 UN LUJOSO JUEGO DE MALETAS DE VIAJE, VALUADAS EN US$300.\r\nREALIZADA LA RIFA, SU NOMBRE FUE SELECCIONADO Y DECLARADO GANADOR.\r\n\u00bfQU\u00c9 HAR\u00cdA ANTE DICHA SITUACI\u00d3N?", "image": "", "has_only_one_correct_answer": true, "show_correct_options": 1, "show_incorrect_options": 2, "text_after_correct_answer": "CORRECTO! EL CODIGO ESTABLECE QUE NO PUEDEN RECIBIRSE REGALOS O CORTESIAS QUE SUPEREN EL VALOR MAXIMO PERMITIDO (USD100).", "text_after_incorrect_answer": "INCORRECTO! EL CODIGO ESTABLECE QUE NO PUEDEN RECIBIRSE REGALOS O CORTESIAS QUE SUPEREN EL VALOR MAXIMO PERMITIDO (USD100)."}}, {"model": "cursos.question", "pk": 8, "fields": {"video": 14, "text": "LLEGA A LA OFICINA Y RECIBE UN LLAMADO DE UN PROVEEDOR QUE IMPLEMENT\u00d3 EL NUEVO M\u00d3DULO INFORM\u00c1TICO QUE BENEFICI\u00d3 A LA COMPA\u00d1\u00cdA. \r\nEL REPRESENTANTE DEL PROVEEDOR LE COMENTA QUE EN RAZ\u00d3N DE SUS ELEVAD\u00cdSIMOS CONOCIMIENTOS EN LA MATERIA, LE GUSTAR\u00cdA INVITARLO A DISERTAR EN UN CONGRESO A CELEBRARSE EN LONDRES DURANTE EL MES PR\u00d3XIMO Y LE INDICA QUE TODOS LOS GASTOS CORRER\u00c1N POR SU CUENTA.  \r\n\u00bfQU\u00c9 HAR\u00cdA ANTE DICHA SITUACI\u00d3N?", "image": "", "has_only_one_correct_answer": true, "show_correct_options": 1, "show_incorrect_options": 2, "text_after_correct_answer": "CORRECTO! EL CODIGO ESTABLECE QUE ANTE ESTE TIPO DE SITUACIONES UD. DEBE COMUNICARSE CON EL COMIT\u00c9 DE \u00c9TICA Y CUMPLIMIENTO PARA QUE EFECTUE UNA EVALUACI\u00d3N INVIDUAL Y CASO A CASO.", "text_after_incorrect_answer": "INCORRECTO! EL CODIGO ESTABLECE QUE ANTE ESTE TIPO DE SITUACIONES UD. DEBE COMUNICARSE CON EL COMIT\u00c9 DE \u00c9TICA Y CUMPLIMIENTO PARA QUE EFECTUE UNA EVALUACI\u00d3N INVIDUAL Y CASO A CASO."}}, {"model": "cursos.question", "pk": 9, "fields": {"video": 16, "text": "EN LAS REUNIONES, TENER Y RESPETAR UN ORDEN DEL DIA ESCRITO Y FIRMAR LA DECLARACION DE LA COMPA\u00d1\u00cdA", "image": "", "has_only_one_correct_answer": true, "show_correct_options": 1, "show_incorrect_options": 1, "text_after_correct_answer": "", "text_after_incorrect_answer": ""}}, {"model": "cursos.question", "pk": 10, "fields": {"video": 16, "text": "EVITAR EL USO DE PALABRAS QUE SUGIERAN CONDUCTAS SECRETAS O ILEGALES", "image": "", "has_only_one_correct_answer": true, "show_correct_options": 1, "show_incorrect_options": 1, "text_after_correct_answer": "", "text_after_incorrect_answer": ""}}, {"model": "cursos.question", "pk": 11, "fields": {"video": 16, "text": "DEJAS CONSTANCIA EXPRESA DE QUE NO SE DISCUTEN TEMAS VINCULADOS A PRACTICAS ANTICOMPETITIVAS", "image": "", "has_only_one_correct_answer": true, "show_correct_options": 1, "show_incorrect_options": 1, "text_after_correct_answer": "", "text_after_incorrect_answer": ""}}, {"model": "cursos.question", "pk": 12, "fields": {"video": 16, "text": "EVITAR PALABRAS QUE SUGIERAN QUE SE ESTA HABLANDO EN CODIGO", "image": "", "has_only_one_correct_answer": true, "show_correct_options": 1, "show_incorrect_options": 1, "text_after_correct_answer": "", "text_after_incorrect_answer": ""}}, {"model": "cursos.question", "pk": 13, "fields": {"video": 16, "text": "REDACTAR ACTAS QUE REFLEJEN LOS TEMAS TRATADOS", "image": "", "has_only_one_correct_answer": true, "show_correct_options": 1, "show_incorrect_options": 1, "text_after_correct_answer": "", "text_after_incorrect_answer": ""}}, {"model": "cursos.question", "pk": 14, "fields": {"video": 16, "text": "EVITAR DECLARACIONES QUE SUGIERAN QUE SE HIZO ALGUN TIPO DE ARREGLO CON LOS COMPETIDORES", "image": "", "has_only_one_correct_answer": true, "show_correct_options": 1, "show_incorrect_options": 1, "text_after_correct_answer": "", "text_after_incorrect_answer": ""}}, {"model": "cursos.question", "pk": 15, "fields": {"video": 16, "text": "INTERCAMBIAR SOLO INFORMACION HISTORICA Y NO HACER MENCIONA A LOS TEMAS PROHIBIDOS (EJ: PRECIOS)", "image": "", "has_only_one_correct_answer": true, "show_correct_options": 1, "show_incorrect_options": 1, "text_after_correct_answer": "", "text_after_incorrect_answer": ""}}, {"model": "cursos.question", "pk": 16, "fields": {"video": 16, "text": "EVITAR INDICACIONES TALES COMO \"REDUCIR LA COMPETENCIA\", \"EXCLUIR COMPETIDORES\", \"DESTRUIR A LA COMPETENCIA\"", "image": "", "has_only_one_correct_answer": true, "show_correct_options": 1, "show_incorrect_options": 1, "text_after_correct_answer": "", "text_after_incorrect_answer": ""}}, {"model": "cursos.question", "pk": 17, "fields": {"video": 16, "text": "NO PARTICIPAR EN DISCUSIONES SOBRE TEMAS QUE VIOLAN LA LEY; SALIR DE REUNION; O SOLICITAR QUE SE DEJE DE TRATAR EL TEMA", "image": "", "has_only_one_correct_answer": true, "show_correct_options": 1, "show_incorrect_options": 1, "text_after_correct_answer": "", "text_after_incorrect_answer": ""}}, {"model": "cursos.option", "pk": 1, "fields": {"question": 1, "text": "Verdadero", "is_correct": false}}, {"model": "cursos.option", "pk": 2, "fields": {"question": 1, "text": "Falso", "is_correct": true}}, {"model": "cursos.option", "pk": 3, "fields": {"question": 2, "text": "Verdadero", "is_correct": false}}, {"model": "cursos.option", "pk": 4, "fields": {"question": 2, "text": "Falso", "is_correct": true}}, {"model": "cursos.option", "pk": 5, "fields": {"question": 3, "text": "Verdadero", "is_correct": true}}, {"model": "cursos.option", "pk": 6, "fields": {"question": 3, "text": "Falso", "is_correct": false}}, {"model": "cursos.option", "pk": 7, "fields": {"question": 4, "text": "S\u00ed", "is_correct": true}}, {"model": "cursos.option", "pk": 8, "fields": {"question": 4, "text": "No", "is_correct": false}}, {"model": "cursos.option", "pk": 9, "fields": {"question": 5, "text": "No", "is_correct": true}}, {"model": "cursos.option", "pk": 10, "fields": {"question": 5, "text": "S\u00ed", "is_correct": false}}, {"model": "cursos.option", "pk": 11, "fields": {"question": 6, "text": "NADA PORQUE UD. ES HONESTO Y A SU TIO HACE A\u00d1OS QUE NO LO VE", "is_correct": false}}, {"model": "cursos.option", "pk": 12, "fields": {"question": 6, "text": "COMUNICA A SUS COMPA\u00d1EROS DE TRABAJO PARA QUE ELLOS EST\u00c9N AL TANTO Y PUEDAN DENUNCIAR MEDIANTE LA LINEA DE \u00c9TICA CUALQUIER IRREGULARIDAD QUE ADVIERTAN", "is_correct": false}}, {"model": "cursos.option", "pk": 13, "fields": {"question": 6, "text": "COMUNICA LA SITUACI\u00d3N A SU DIRECTOR, QUIEN EN CASO DE QUE SEA NECESARIO;  LO CONSULTE AL COMIT\u00c9 DE ETICA Y CUMPLIMIENTO", "is_correct": true}}, {"model": "cursos.option", "pk": 14, "fields": {"question": 7, "text": "ACEPTA EL REGALO Y CONSULTA LUEGO AL COMIT\u00c9 DE ETICA Y CUMPLIMIENTO SI PUEDE CONSERVARLO O DEBE DEVOLVERLO", "is_correct": false}}, {"model": "cursos.option", "pk": 15, "fields": {"question": 7, "text": "LO RECHAZA SIN CONSULTAR A NADIE", "is_correct": true}}, {"model": "cursos.option", "pk": 16, "fields": {"question": 7, "text": "LO ACEPTA PORQUE SE TRATA DE UNA RIFA Y NO AFECTA SU OBJETIVIDAD E INDEPENDENCIA", "is_correct": false}}, {"model": "cursos.option", "pk": 17, "fields": {"question": 8, "text": "LE CONSULTA A SU JEFE POR TEL\u00c9FONO Y -UNA VEZ QUE TIENE LA APROBACI\u00d3N VERBAL-, ACEPTA EL VIAJE PORQUE NO CONOCE LONDRES Y SIEMPRE QUISO EXPONER EN UN CONGRESO", "is_correct": false}}, {"model": "cursos.option", "pk": 18, "fields": {"question": 8, "text": "SOLICITA AUTORIZACI\u00d3N AL COMIT\u00c9 DE \u00c9TICA Y CUMPLIMIENTO", "is_correct": true}}, {"model": "cursos.option", "pk": 19, "fields": {"question": 8, "text": "ACEPTA POR CUANTO ENTIENDE QUE RESULTA BENEFICIOSO PARA LA COMPA\u00d1\u00cdA", "is_correct": false}}, {"model": "cursos.option", "pk": 20, "fields": {"question": 9, "text": "S\u00ed", "is_correct": true}}, {"model": "cursos.option", "pk": 21, "fields": {"question": 9, "text": "No", "is_correct": false}}, {"model": "cursos.option", "pk": 22, "fields": {"question": 10, "text": "S\u00ed", "is_correct": false}}, {"model": "cursos.option", "pk": 23, "fields": {"question": 10, "text": "No", "is_correct": true}}, {"model": "cursos.option", "pk": 24, "fields": {"question": 11, "text": "S\u00ed", "is_correct": true}}, {"model": "cursos.option", "pk": 25, "fields": {"question": 11, "text": "No", "is_correct": false}}, {"model": "cursos.option", "pk": 26, "fields": {"question": 12, "text": "S\u00ed", "is_correct": false}}, {"model": "cursos.option", "pk": 27, "fields": {"question": 12, "text": "No", "is_correct": true}}, {"model": "cursos.option", "pk": 28, "fields": {"question": 13, "text": "S\u00ed", "is_correct": true}}, {"model": "cursos.option", "pk": 29, "fields": {"question": 13, "text": "No", "is_correct": false}}, {"model": "cursos.option", "pk": 30, "fields": {"question": 14, "text": "S\u00ed", "is_correct": false}}, {"model": "cursos.option", "pk": 31, "fields": {"question": 14, "text": "No", "is_correct": true}}, {"model": "cursos.option", "pk": 32, "fields": {"question": 15, "text": "S\u00ed", "is_correct": true}}, {"model": "cursos.option", "pk": 33, "fields": {"question": 15, "text": "No", "is_correct": false}}, {"model": "cursos.option", "pk": 34, "fields": {"question": 16, "text": "S\u00ed", "is_correct": false}}, {"model": "cursos.option", "pk": 35, "fields": {"question": 16, "text": "No", "is_correct": false}}, {"model": "cursos.option", "pk": 36, "fields": {"question": 17, "text": "S\u00ed", "is_correct": true}}, {"model": "cursos.option", "pk": 37, "fields": {"question": 17, "text": "No", "is_correct": false}}]